Category	Query	Answer	Frequency Level
General Information	Does Leonardo Hotel Manchester Central offer a 24-hour front desk service?	Yes, the front desk operates around the clock to ensure assistance is always available.	High
General Information	What are the check-in and check-out times at Leonardo Hotel Manchester Central?	Check-in begins at 3:00 PM, and check-out is until 11:00 AM, with staff ready to assist as needed.	High
General Information	Is free Wi-Fi available throughout Leonardo Hotel Manchester Central?	Yes, complimentary Wi-Fi is provided in all areas of the property.	High
General Information	Are families welcome at Leonardo Hotel Manchester Central, and does it provide amenities for children?	Yes, families are warmly welcomed, and the hotel offers child-friendly amenities for a comfortable stay.	Medium
General Information	Does Leonardo Hotel Manchester Central have accessible facilities for guests with reduced mobility?	Yes, the property features accessible rooms and wheelchair-friendly facilities for guests with reduced mobility.	High
General Information	Does Leonardo Hotel Manchester Central provide on-site parking, and is there a daily fee?	Yes, limited on-site parking is available for an additional daily fee, subject to availability.	High
General Information	Does Leonardo Hotel Manchester Central operate loyalty or membership programs for frequent guests?	Yes, the hotel offers a loyalty program with exclusive benefits for returning guests.	Medium
General Information	Are there any on-site business and conference facilities at Leonardo Hotel Manchester Central?	Yes, dedicated meeting and conference rooms are available for business events and functions.	Medium
General Information	Is the staff at Leonardo Hotel Manchester Central able to assist guests in multiple languages?	Yes, there are multilingual staff members who strive to assist international visitors.	Low
Accommodation & Room Services	What types of rooms are offered at Leonardo Hotel Manchester Central?	The property offers various room types, including standard double, twin, and executive accommodations.	High
Accommodation & Room Services	Does Leonardo Hotel Manchester Central provide tea and coffee-making facilities in every room?	Yes, complimentary tea and coffee-making facilities are provided in each room.	High
Accommodation & Room Services	Are there minibars or small fridges available in the rooms at Leonardo Hotel Manchester Central?	Yes, rooms include a mini fridge for storing snacks and beverages.	Medium
Accommodation & Room Services	Does Leonardo Hotel Manchester Central offer 24-hour room service?	Yes, room service is available at any hour for meals and snacks.	High
Accommodation & Room Services	Is there an option for hypoallergenic bedding at Leonardo Hotel Manchester Central?	Yes, hypoallergenic bedding can be arranged upon request for sensitive guests.	Medium
Accommodation & Room Services	Do rooms at Leonardo Hotel Manchester Central include USB charging sockets?	Yes, most rooms feature USB charging points to accommodate modern devices.	Medium
Accommodation & Room Services	Are hairdryers and ironing facilities provided in every room at Leonardo Hotel Manchester Central?	Yes, each room is equipped with a hairdryer and ironing set for guest convenience.	High
Accommodation & Room Services	Can guests request extra pillows or blankets at Leonardo Hotel Manchester Central?	Yes, extra pillows and blankets are available on request, and the housekeeping team will gladly assist.	Medium
Accommodation & Room Services	Are housekeeping and laundry services available daily at Leonardo Hotel Manchester Central?	Yes, daily housekeeping is provided, and laundry services can be arranged through reception.	High
Food & Beverage	Does Leonardo Hotel Manchester Central serve a buffet breakfast, and what are the usual breakfast hours?	Yes, the hotel serves a daily buffet breakfast, typically from 6:30 AM to 10:30 AM on weekdays, with slightly adjusted times on weekends.	High
Food & Beverage	Are gluten-free, vegetarian, or vegan options available at Leonardo Hotel Manchester Central's restaurant?	Yes, the menu includes gluten-free, vegetarian, and vegan dishes for various dietary preferences.	High
Food & Beverage	Can non-residents dine at the bar or restaurant in Leonardo Hotel Manchester Central?	Yes, non-residents are welcome to dine, subject to availability and seating capacity.	Medium
Food & Beverage	Does Leonardo Hotel Manchester Central offer a children's menu or kid-friendly dining options?	Yes, a children's menu is provided to accommodate younger guests.	Medium
Food & Beverage	Is afternoon tea available at Leonardo Hotel Manchester Central?	Yes, afternoon tea offerings are available at designated times. [VERIFY]	Medium
Food & Beverage	Does Leonardo Hotel Manchester Central have any late-night snack or room service options?	Yes, a 24-hour room service menu is offered for late-night snacks.	Medium
Food & Beverage	Are there special culinary events or themed dinners at Leonardo Hotel Manchester Central?	Currently, the hotel does not host regular themed dinners. [VERIFY]	Low
Food & Beverage	Can guests at Leonardo Hotel Manchester Central host private dining events?	Yes, private dining can be arranged in the event spaces or restaurant with advance notice.	Low
Food & Beverage	Does Leonardo Hotel Manchester Central offer a separate lunch and dinner service schedule?	Yes, lunch and dinner are served at set times, and full details are available from the restaurant.	Medium
Policies & Terms	What is the minimum age required to check in at Leonardo Hotel Manchester Central?	Guests must be at least 18 years old to check in, with valid identification upon arrival.	High
Policies & Terms	Does Leonardo Hotel Manchester Central require a security deposit or pre-authorisation upon arrival?	Yes, a credit card pre-authorisation is typically required at check-in as a security measure.	Medium
Policies & Terms	What is the cancellation policy at Leonardo Hotel Manchester Central for direct bookings?	Cancellation terms vary by rate, and free cancellation is usually permitted up to 2:00 PM the day prior to arrival. [VERIFY]	High
Policies & Terms	Is express check-in and check-out available at Leonardo Hotel Manchester Central?	Yes, express check-in and check-out services are offered for quicker arrivals and departures.	Medium
Policies & Terms	Can guests store luggage before check-in or after check-out at Leonardo Hotel Manchester Central?	Yes, luggage storage is available at the property for early arrivals or late departures.	High
Policies & Terms	Does Leonardo Hotel Manchester Central allow pets, and are there any additional fees?	Yes, pets are allowed in designated areas for an extra fee. [VERIFY]	Medium
Policies & Terms	Is smoking permitted in any rooms or public areas at Leonardo Hotel Manchester Central?	No, smoking is prohibited in all rooms and public spaces under local regulations.	High
Policies & Terms	Are group booking rates or conditions available at Leonardo Hotel Manchester Central?	Yes, group rates and special conditions can be arranged by contacting the sales department.	Medium
Policies & Terms	Is early check-in or late check-out offered at Leonardo Hotel Manchester Central, and is there a fee?	Yes, both may be arranged subject to availability, and additional charges may apply.	High
Location & Transportation	How far is Leonardo Hotel Manchester Central from the Manchester Central Convention Complex?	It is roughly a five-minute walk, making access to the convention center very convenient.	High
Location & Transportation	What are the nearest tram or train stations to Leonardo Hotel Manchester Central?	St Peter's Square tram stop and Oxford Road Station are both within a short walking distance.	High
Location & Transportation	Does Leonardo Hotel Manchester Central provide an airport shuttle service?	No, there is no direct airport shuttle, but the staff can help arrange alternative transportation.	Medium
Location & Transportation	Is it possible to walk from Leonardo Hotel Manchester Central to popular city attractions like Manchester Opera House or Deansgate?	Yes, many local attractions are within walking distance, and the team gladly offers directions.	High
Location & Transportation	Can the concierge at Leonardo Hotel Manchester Central assist with booking taxis or car hire?	Yes, the concierge team is able to arrange both taxis and car rentals upon request.	Medium
Location & Transportation	How long does it typically take to travel from Manchester Airport to Leonardo Hotel Manchester Central?	It usually takes about 20â€“30 minutes by car, depending on traffic conditions.	Medium
Location & Transportation	Is there a direct public transport link between Manchester Piccadilly station and Leonardo Hotel Manchester Central?	Yes, trams and buses connect Piccadilly station directly to the hotel, making arrivals simpler.	High
Location & Transportation	Does Leonardo Hotel Manchester Central offer valet parking or self-parking options for guests?	Currently, only self-parking is provided, and valet service is not offered.	Medium
Location & Transportation	Are there recommended cycle routes or bike hire services near Leonardo Hotel Manchester Central?	Yes, there are cycle-friendly routes nearby, and the staff can advise on local bike hire.	Low
Activities & Entertainment	Does Leonardo Hotel Manchester Central feature a fitness center or gym for guests?	Yes, there is an on-site fitness room with basic equipment for guest use.	Medium
Activities & Entertainment	Are there spa or massage treatments available at Leonardo Hotel Manchester Central?	No, the hotel does not feature spa facilities, but the reception can suggest nearby wellness centers.	Low
Activities & Entertainment	Does Leonardo Hotel Manchester Central provide any evening entertainment or live music events?	No, the property does not typically host live entertainment. [VERIFY]	Low
Activities & Entertainment	Are families with children able to access on-site leisure facilities at Leonardo Hotel Manchester Central?	Yes, families can use available leisure amenities, and children must be supervised by an adult.	Medium
Activities & Entertainment	Does Leonardo Hotel Manchester Central organize guided city tours or cultural experiences?	No, it does not directly organize tours, though the concierge can recommend local operators.	Medium
Activities & Entertainment	Is there a rooftop terrace at Leonardo Hotel Manchester Central offering city views?	No, a rooftop terrace is not part of the property's facilities. [VERIFY]	Medium
Activities & Entertainment	Can guests at Leonardo Hotel Manchester Central schedule private events or celebrations on the premises?	Yes, the hotel has function rooms suitable for private gatherings with advance booking.	Low
Activities & Entertainment	Are any seasonal events or special holiday activities hosted at Leonardo Hotel Manchester Central?	Currently, no regular seasonal activities are held, though festive packages may be introduced occasionally. [VERIFY]	Medium
Activities & Entertainment	Does Leonardo Hotel Manchester Central collaborate with local tour operators for day trips and excursions?	No, the hotel does not formally partner with tour operators, but staff can provide recommendations.	Low