General Information	Does Leonardo Hotel Sheffield offer complimentary Wi-Fi throughout the property?	Yes, we offer complimentary Wi-Fi throughout the entire property. Guests can enjoy reliable connectivity in all areas.	High
General Information	What are the standard check-in and check-out times at Leonardo Hotel Sheffield?	Standard check-in begins at 3:00 PM, and check-out is by 12:00 PM. Our team can accommodate special timing requests when available.	High
General Information	Does Leonardo Hotel Sheffield have a 24-hour front desk for guest assistance?	Yes, our front desk operates around the clock for any guest needs. We remain ready to assist day or night.	High
General Information	Is Leonardo Hotel Sheffield family-friendly and suitable for guests traveling with children?	Yes, we welcome guests of all ages and offer family-friendly amenities. Our rooms can accommodate families comfortably.	Medium
General Information	Does Leonardo Hotel Sheffield offer on-site parking facilities for guests and visitors?	No, we do not have on-site parking, but guests can use nearby facilities at a discounted rate. Please contact us for details.	Medium
General Information	Are there any meeting or conference rooms available at Leonardo Hotel Sheffield for business events?	Yes, we have meeting and conference spaces with modern equipment. Our events team can help plan corporate functions of various sizes.	Medium
General Information	Is the front desk staff at Leonardo Hotel Sheffield able to assist with multilingual inquiries?	Information currently not available – please contact the hotel for details. [VERIFY]	Low
General Information	Does the hotel provide accessible rooms and facilities for guests with mobility requirements?	Yes, we have accessible rooms and facilities to support guests with mobility needs. Please request in advance for availability.	Medium
General Information	Is it necessary to reserve a parking space in advance?	No, reservations for parking are not required, but we recommend contacting us if you have specific requirements.	Low
Accommodation & Room Services	Does Leonardo Hotel Sheffield provide tea- and coffee-making facilities in each room?	Yes, each room comes equipped with complimentary tea- and coffee-making amenities for guest convenience.	High
Accommodation & Room Services	Are minibars or small fridges available in guest rooms at Leonardo Hotel Sheffield?	No, minibars are not standard, but a limited number of rooms have mini-fridges upon request. [VERIFY]	Medium
Accommodation & Room Services	Does Leonardo Hotel Sheffield offer air conditioning and heating controls in all accommodations?	Yes, all rooms include individually controlled air conditioning and heating for a comfortable stay.	High
Accommodation & Room Services	Is there an iron and ironing board provided in the rooms at Leonardo Hotel Sheffield?	Yes, an iron and ironing board are available in every room for guest use.	Medium
Accommodation & Room Services	Does Leonardo Hotel Sheffield supply complimentary toiletries and extra pillows upon request?	Yes, complimentary toiletries are provided, and extra pillows are available upon request for added comfort.	Medium
Accommodation & Room Services	Does Leonardo Hotel Sheffield have hypoallergenic bedding options for sensitive guests?	Yes, hypoallergenic bedding can be arranged upon request, subject to availability. [VERIFY]	Low
Accommodation & Room Services	Can guests at Leonardo Hotel Sheffield request laundry or dry-cleaning services?	Yes, laundry and dry-cleaning services are offered. Our front desk can provide details on collection times and fees.	Medium
Accommodation & Room Services	Is 24-hour room service available for late-night dining?	Currently, 24-hour room service is not provided, but late-night options are available until a specified time. [VERIFY]	Medium
Accommodation & Room Services	Do all rooms include USB charging sockets for electronic devices?	Information currently not available – please contact the hotel for details. [VERIFY]	Low
Food & Beverage	Does Leonardo Hotel Sheffield serve a buffet breakfast, and what are the breakfast hours?	Yes, a buffet breakfast is served daily, generally from 7:00 AM to 10:00 AM. Weekend hours may vary slightly.	High
Food & Beverage	Are there vegetarian and vegan breakfast options at Leonardo Hotel Sheffield?	Yes, vegetarian and vegan selections are available at breakfast to cater to diverse dietary preferences.	Medium
Food & Beverage	Does Leonardo Hotel Sheffield provide gluten-free menu choices for lunch and dinner?	Yes, gluten-free options are offered for lunch and dinner. We recommend notifying our staff of any dietary needs in advance.	Medium
Food & Beverage	Is there an on-site bar at Leonardo Hotel Sheffield that non-residents can visit?	Yes, our bar is open to both guests and non-residents, offering a welcoming space for drinks and light bites.	Medium
Food & Beverage	Are children permitted to dine or enjoy snacks in the bar area?	Yes, children may join adults in the bar area, subject to local licensing rules. [VERIFY]	Low
Food & Beverage	Does Leonardo Hotel Sheffield offer late-night snack options through room service?	Yes, late-night snacks are typically available through room service until a designated cut-off time. [VERIFY]	Medium
Food & Beverage	Can guests make special dietary requests in advance at Leonardo Hotel Sheffield’s restaurant?	Yes, we encourage guests to contact us with special dietary requests so we can accommodate their needs.	Low
Food & Beverage	Is there an afternoon tea service available at Leonardo Hotel Sheffield?	Information currently not available – please contact the hotel for details. [VERIFY]	Low
Food & Beverage	Do they offer a children’s menu in the restaurant?	Yes, a children’s menu is available, featuring a variety of kid-friendly meal options.	Low
Policies & Terms	What is the pet policy at Leonardo Hotel Sheffield for guests traveling with animals?	Information currently not available – please contact the hotel for details. [VERIFY]	Medium
Policies & Terms	Does Leonardo Hotel Sheffield allow smoking or have designated smoking areas?	No, the entire property is non-smoking, but there may be designated outdoor areas. [VERIFY]	Medium
Policies & Terms	What is the minimum age requirement for check-in at Leonardo Hotel Sheffield?	Guests must be at least 18 years old to check in, and valid identification may be required.	High
Policies & Terms	Does Leonardo Hotel Sheffield provide free cancellation for standard reservations?	Yes, free cancellation is available for certain rate plans, provided guests cancel within the indicated timeframe.	High
Policies & Terms	Is an early check-in or late check-out option available at Leonardo Hotel Sheffield?	Yes, early check-in and late check-out may be arranged based on availability and may incur an additional fee.	Medium
Policies & Terms	What is the baggage storage policy at Leonardo Hotel Sheffield for early arrivals or late departures?	We offer luggage storage at no charge for arriving early or departing late, allowing guests flexibility with their travel schedules.	Medium
Policies & Terms	Do group bookings at Leonardo Hotel Sheffield have any specific conditions or requirements?	Yes, group reservations can involve special terms or deposits. Please inquire with our group bookings team for more details.	Low
Policies & Terms	Is there an express check-in and check-out service available?	Yes, we can facilitate an express process for arrival and departure, helping guests save time during their stay.	Low
Policies & Terms	Does the hotel require a security deposit or pre-authorization on a credit card upon arrival?	Yes, a credit card pre-authorization or deposit may be required at check-in, which is released if not used.	Medium
Location & Transportation	How close is Leonardo Hotel Sheffield to Sheffield Hallam University and other city-center attractions?	We are only a short walk from the university and within easy reach of major city-center spots, making it convenient for sightseeing.	High
Location & Transportation	Does Leonardo Hotel Sheffield offer any airport shuttle service to and from local airports?	Information currently not available – please contact the hotel for details. [VERIFY]	Medium
Location & Transportation	How far is Leonardo Hotel Sheffield from the Sheffield train station, and is it within walking distance?	We are approximately a 10-minute walk from the station, making it easily accessible on foot or by short taxi ride.	High
Location & Transportation	Can the front desk at Leonardo Hotel Sheffield arrange taxi or car-hire services for guests?	Yes, our front desk team is able to help book taxis or arrange car-hire services for convenient travel.	Medium
Location & Transportation	Are popular attractions like the Peace Gardens or the Millennium Gallery near Leonardo Hotel Sheffield?	Yes, both are situated close by and can be reached on foot within minutes, ideal for exploring the local area.	Medium
Location & Transportation	Is public transportation easily accessible from Leonardo Hotel Sheffield's location?	Yes, guests will find bus and tram stops nearby, making public transportation readily available for city travel.	Medium
Location & Transportation	Are there recommended guided city tours departing near the hotel’s area?	Yes, local tour operators frequently run guided excursions, and our front desk can offer suggestions. [VERIFY]	Low
Location & Transportation	Does Leonardo Hotel Sheffield offer onsite car rental or partnered rental services?	Information currently not available – please contact the hotel for details. [VERIFY]	Low
Location & Transportation	Is the hotel conveniently located for attending events at Sheffield City Hall?	Yes, Sheffield City Hall is within walking distance, making it simple to reach events from our location.	Low
Activities & Entertainment	Does Leonardo Hotel Sheffield have any fitness facilities or a gym available for guest use?	Yes, a fitness area is available for guests who wish to maintain their workout routine. [VERIFY]	Medium
Activities & Entertainment	Is there an indoor swimming pool at Leonardo Hotel Sheffield, and are kids allowed to use it?	No, we do not have an indoor swimming pool on-site. [VERIFY]	Medium
Activities & Entertainment	Does Leonardo Hotel Sheffield offer spa or massage treatments on-site?	No, we currently do not have spa or massage facilities, but our team can recommend nearby options. [VERIFY]	Medium
Activities & Entertainment	Are there any fitness classes provided for guests staying at Leonardo Hotel Sheffield?	Currently, we do not host fitness classes on-site. [VERIFY]	Low
Activities & Entertainment	Does Leonardo Hotel Sheffield have a sauna or steam room available?	No, there is no sauna or steam room facility available. [VERIFY]	Low
Activities & Entertainment	Can Leonardo Hotel Sheffield arrange guided walking tours around Sheffield’s cultural sites?	Yes, we can connect guests with local guides who provide walking tours of cultural landmarks. [VERIFY]	Low
Activities & Entertainment	Does Leonardo Hotel Sheffield host any evening entertainment or live music events?	Information currently not available – please contact the hotel for details. [VERIFY]	Medium
Activities & Entertainment	Is there a rooftop terrace with city views at Leonardo Hotel Sheffield?	Information currently not available – please contact the hotel for details. [VERIFY]	Low
Activities & Entertainment	Are children allowed in the pool area, and do they need adult supervision?	Not applicable – there is no pool on-site. [VERIFY]	Low