General Information	Does Leonardo Hotel Torremolinos Costa del Sol provide free high-speed Wi-Fi throughout the hotel?	Yes, complimentary high-speed Wi-Fi is available in all guestrooms and public areas of the hotel.	High
General Information	Is the front desk at Leonardo Hotel Torremolinos Costa del Sol staffed 24 hours a day?	Yes, the property operates a fully staffed reception desk 24 hours a day for guest assistance.	High
General Information	What are the standard check-in and check-out times at Leonardo Hotel Torremolinos Costa del Sol?	Check-in begins at 15:00, and check-out is required by 11:00 on the day of departure.	High
General Information	Does Leonardo Hotel Torremolinos Costa del Sol offer on-site parking, and what is the daily fee?	The hotel provides underground on-site parking, subject to availability, at a cost of €15 per day.	High
General Information	Is Leonardo Hotel Torremolinos Costa del Sol a completely non-smoking property?	Yes, the hotel is designated non-smoking throughout, with smoking permitted only in signed outdoor areas.	Medium
General Information	Does Leonardo Hotel Torremolinos Costa del Sol have accessible rooms or facilities for guests with reduced mobility?	Yes, adapted guestrooms, lifts and step-free public areas are available for guests with reduced mobility.	Medium
General Information	How many guest rooms are there at Leonardo Hotel Torremolinos Costa del Sol?	Leonardo Hotel Torremolinos Costa del Sol offers a total of 398 contemporary guest rooms.	Low
General Information	Does the team at Leonardo Hotel Torremolinos Costa del Sol speak multiple languages?	Yes, multilingual staff members speak Spanish, English and other major European languages for guest convenience.	Low
Accommodation & Room Services	What room categories can guests choose from at Leonardo Hotel Torremolinos Costa del Sol?	Room categories include Comfort, Superior Side Sea View, Deluxe Sea View, Deluxe Sea View Triple, Superior Side Sea View Triple and Family Rooms.	High
Accommodation & Room Services	Are all rooms at Leonardo Hotel Torremolinos Costa del Sol equipped with air-conditioning and heating?	Yes, every guest room features individually controlled air-conditioning and heating for year-round comfort.	High
Accommodation & Room Services	Do accommodations at Leonardo Hotel Torremolinos Costa del Sol feature a private balcony or terrace?	Yes, all guestrooms include a furnished balcony or terrace overlooking the city or the Mediterranean.	Medium
Accommodation & Room Services	Is an in-room safe available in guestrooms at Leonardo Hotel Torremolinos Costa del Sol?	Yes, each room contains a personal safe; a small daily surcharge may apply.	Medium
Accommodation & Room Services	Are cribs or infant beds available at Leonardo Hotel Torremolinos Costa del Sol?	No, cribs or infant beds are not provided by the hotel.	Medium
Accommodation & Room Services	Does Leonardo Hotel Torremolinos Costa del Sol provide daily housekeeping service?	Yes, daily housekeeping refreshes rooms, makes beds and replenishes amenities for staying guests.	High
Accommodation & Room Services	Is laundry or dry-cleaning service offered to guests at Leonardo Hotel Torremolinos Costa del Sol?	Yes, same-day laundry and dry-cleaning services can be arranged through reception.	Medium
Accommodation & Room Services	Does Leonardo Hotel Torremolinos Costa del Sol have hypoallergenic or allergy-free rooms on request?	Yes, allergy-free guestrooms with special bedding are available upon advance request.	Low
Food & Beverage	Does Leonardo Hotel Torremolinos Costa del Sol serve a daily buffet breakfast on site?	Yes, a generous buffet breakfast is served every morning in the main restaurant.	High
Food & Beverage	What are the breakfast hours at Leonardo Hotel Torremolinos Costa del Sol?	Breakfast is served daily from 07:30 to 10:00.	High
Food & Beverage	How much does the breakfast at Leonardo Hotel Torremolinos Costa del Sol cost for adults and children?	Breakfast costs €15 per adult and €7.50 per child aged 2–11.	High
Food & Beverage	Does Leonardo Hotel Torremolinos Costa del Sol have an on-site restaurant open for lunch and dinner?	Yes, the buffet restaurant is open for lunch and for dinner service each day.	High
Food & Beverage	What are the lunch and dinner service hours at the restaurant in Leonardo Hotel Torremolinos Costa del Sol?	Lunch is served 13:00-15:30 and dinner 19:00-22:00 daily.	Medium
Food & Beverage	Is room service available at Leonardo Hotel Torremolinos Costa del Sol?	Yes, guests may order a selection of meals and drinks through room service during posted hours.	Medium
Food & Beverage	Does Leonardo Hotel Torremolinos Costa del Sol feature a Sky Bar with panoramic sea views?	Yes, the rooftop Sky Bar offers cocktails and panoramic views of Torremolinos and the sea.	Medium
Food & Beverage	How many bars and lounges are available at Leonardo Hotel Torremolinos Costa del Sol?	Four bars and lounges are available: Lobby Bar, Pool Bar, Snack Bar and Skyline Bar.	Low
Policies & Terms	What is the minimum age required to check in at Leonardo Hotel Torremolinos Costa del Sol?	The minimum legal age for check-in is 18 years.	High
Policies & Terms	Does Leonardo Hotel Torremolinos Costa del Sol provide complimentary luggage storage before check-in or after check-out?	Yes, the hotel offers free luggage storage at reception before check-in and after check-out.	High
Policies & Terms	Are pets allowed to stay at Leonardo Hotel Torremolinos Costa del Sol?	No, pets are not permitted to stay at this property.	High
Policies & Terms	Can guests request early check-in at Leonardo Hotel Torremolinos Costa del Sol, and is there a fee?	Information is currently not available. [VERIFY]	Medium
Policies & Terms	Does Leonardo Hotel Torremolinos Costa del Sol offer late check-out options?	Late check-out may be granted on request, subject to availability; Advantage Club members receive it free.	Medium
Policies & Terms	What payment methods are accepted at Leonardo Hotel Torremolinos Costa del Sol, and is a deposit required at check-in?	Major credit and debit cards are accepted; cash is not. A card pre-authorisation for incidentals is required at check-in.	Medium
Policies & Terms	Does Leonardo Hotel Torremolinos Costa del Sol offer all-inclusive rate plans?	Yes, optional all-inclusive packages covering buffet meals and select drinks are available when booking.	Medium
Policies & Terms	What is the smoking policy at Leonardo Hotel Torremolinos Costa del Sol?	The property is non-smoking indoors, with smoking allowed only in designated outdoor areas.	Medium
Location & Transportation	How far is Leonardo Hotel Torremolinos Costa del Sol from Torremolinos Cercanías train station?	The hotel is approximately 400 metres, or about a five-minute walk, from the Cercanías station.	High
Location & Transportation	Approximately how long does it take to drive from Málaga-Costa del Sol Airport to Leonardo Hotel Torremolinos Costa del Sol?	The 8 km journey usually takes around 15-20 minutes by car, traffic permitting.	High
Location & Transportation	How many minutes’ walk is Leonardo Hotel Torremolinos Costa del Sol from Bajondillo Beach?	Bajondillo Beach is roughly 400 metres away, an easy five-minute walk downhill.	High
Location & Transportation	Is Leonardo Hotel Torremolinos Costa del Sol located in the city centre of Torremolinos?	Yes, the hotel stands in Torremolinos City Centre, close to Calle San Miguel and Plaza Costa del Sol.	High
Location & Transportation	How far is Leonardo Hotel Torremolinos Costa del Sol from Aqualand Torremolinos water park?	Aqualand Torremolinos is about 1.8 kilometres away, a five-minute drive or 20-minute walk.	Medium
Location & Transportation	What is the walking distance from Leonardo Hotel Torremolinos Costa del Sol to Calle San Miguel shopping street?	Calle San Miguel starts roughly 100 metres from the hotel, less than a two-minute walk.	Medium
Location & Transportation	Which exit on the A-7 motorway is closest to Leonardo Hotel Torremolinos Costa del Sol?	Information is currently not available. [VERIFY]	Low
Location & Transportation	Does the train from Torremolinos station provide a direct link to Málaga city centre near Leonardo Hotel Torremolinos Costa del Sol?	Yes, Cercanías line C1 trains run directly from Torremolinos to Málaga Centro-Alameda station. [VERIFY]	Medium
Activities & Entertainment	Does Leonardo Hotel Torremolinos Costa del Sol feature a rooftop pool with panoramic views?	Yes, a seasonal rooftop pool offers sun-loungers and sweeping Mediterranean panoramas.	High
Activities & Entertainment	Is there an indoor heated pool at Leonardo Hotel Torremolinos Costa del Sol?	Yes, guests can enjoy a heated indoor pool for year-round swimming.	High
Activities & Entertainment	Does Leonardo Hotel Torremolinos Costa del Sol provide a separate children’s pool?	Yes, a dedicated shallow children’s pool is available beside the main outdoor pool.	High
Activities & Entertainment	Is there a fitness centre or gym at Leonardo Hotel Torremolinos Costa del Sol?	Yes, a fully equipped gym with cardio and strength machines is open to guests.	High
Activities & Entertainment	Does Leonardo Hotel Torremolinos Costa del Sol offer a sauna or wellness area for guests?	Yes, the wellness area includes a traditional sauna for relaxation.	Medium
Activities & Entertainment	Is the outdoor pool at Leonardo Hotel Torremolinos Costa del Sol open seasonally, and during which months?	The outdoor pool operates seasonally from April through October, weather permitting.	Medium
Activities & Entertainment	Does Leonardo Hotel Torremolinos Costa del Sol have an arcade or games room with table tennis and billiards?	Yes, the hotel’s games room features table tennis tables and billiards cues.	Medium
Activities & Entertainment	Are there evening entertainment options such as live piano music at Leonardo Hotel Torremolinos Costa del Sol?	Yes, live piano sessions and other light evening entertainment are hosted in selected bars.	Low