Category	Question	Answer	Source	Frequency Level
General Information	What type of accommodation is master Farringdon London classified as?	Serviced apartment residence offering self-contained units with hotel-style services.	https://www.stay-master.com/london/master-farringdon	High
General Information	How many serviced apartments does master Farringdon London offer?	The residence comprises 12 individually designed serviced apartments. [VERIFY]	https://www.stay-master.com/london/master-farringdon	Medium
General Information	What is the official check-in address for master Farringdon London?	Check-in takes place at 62-66 Farringdon Road, London EC1R 3GB. [VERIFY]	https://www.stay-master.com/london/master-farringdon	Medium
General Information	Does master Farringdon London operate a 24-hour guest support line?	Yes, round-the-clock guest support is available via telephone and messaging.	https://www.stay-master.com/london/master-farringdon	Medium
General Information	Is master Farringdon London part of the Staymaster brand portfolio?	Yes, the property is fully owned, managed and branded by Staymaster.	https://www.stay-master.com/london/master-farringdon	Medium
General Information	Does master Farringdon London provide complimentary WiFi to all guests?	Yes, high-speed fibre WiFi is complimentary throughout all apartments and common areas.	https://www.stay-master.com/london/master-farringdon	High
General Information	Are utilities such as electricity, heating and water included in the rate at master Farringdon London?	Yes, all standard utilities—electricity, heating, water and council tax—are included in the nightly rate.	https://www.stay-master.com/london/master-farringdon	Medium
General Information	Does master Farringdon London supply all bed linen and towels as standard?	Yes, freshly laundered bed linen and bathroom towels are provided for every stay.	https://www.stay-master.com/london/master-farringdon	Medium
Location & Transportation	How far is master Farringdon London from Farringdon Station?	Approximately 350 metres, an easy five-minute walk along Farringdon Road. [VERIFY]	https://www.stay-master.com/london/master-farringdon	High
Location & Transportation	Which tube lines serve the nearest Underground station to master Farringdon London?	Farringdon is served by the Circle, Hammersmith & City, Metropolitan and Elizabeth lines, plus Thameslink rail. [VERIFY]	https://www.stay-master.com/london/master-farringdon	Medium
Location & Transportation	Does master Farringdon London arrange airport transfer services to Heathrow?	Yes, pre-booked private car transfers to and from Heathrow can be arranged on request. [VERIFY]	https://www.stay-master.com/london/master-farringdon	Medium
Location & Transportation	Is on-site parking available at master Farringdon London?	No, there is no on-site parking; guests should use nearby public car parks.	https://www.stay-master.com/london/master-farringdon	High
Location & Transportation	What is the approximate taxi time between master Farringdon London and London City Airport?	The journey by taxi typically takes around 25 minutes outside peak traffic. [VERIFY]	https://www.stay-master.com/london/master-farringdon	Low
Location & Transportation	Can guests at master Farringdon London store bicycles on the premises?	A secure indoor rack for up to four bicycles is available free of charge. [VERIFY]	https://www.stay-master.com/london/master-farringdon	Medium
Location & Transportation	Which bus routes stop close to master Farringdon London?	Routes 55, 63, 243 and N63 all stop within two minutes’ walk. [VERIFY]	https://tfl.gov.uk [VERIFY]	Low
Location & Transportation	Is master Farringdon London located within the London Congestion Charge Zone?	Yes, the property lies inside the Central London Congestion Charge Zone. [VERIFY]	https://www.stay-master.com/london/master-farringdon	Medium
Rooms & Amenities	What room types are available at master Farringdon London?	Studio, One-Bedroom, Two-Bedroom and a top-floor Penthouse apartment are offered. [VERIFY]	https://www.stay-master.com/london/master-farringdon	High
Rooms & Amenities	Do all apartments at master Farringdon London include a fully equipped kitchen?	Yes, every apartment features a full kitchen with hob, oven, fridge-freezer, dishwasher and cookware.	https://www.stay-master.com/london/master-farringdon	High
Rooms & Amenities	Are washing machines and dryers provided inside the apartments at master Farringdon London?	Yes, each unit has an in-apartment washer-dryer for private use.	https://www.stay-master.com/london/master-farringdon	High
Rooms & Amenities	Does master Farringdon London supply complimentary toiletries?	Yes, a starter set of eco-friendly shampoo, conditioner, body wash and hand soap is provided.	https://www.stay-master.com/london/master-farringdon	Medium
Rooms & Amenities	Is air conditioning featured in every apartment at master Farringdon London?	Yes, individually controlled air-conditioning and heating are installed in all apartments.	https://www.stay-master.com/london/master-farringdon	High
Rooms & Amenities	Do any apartments at master Farringdon London have a private balcony or terrace?	The Penthouse includes a furnished private terrace; other units do not have outdoor space. [VERIFY]	https://www.stay-master.com/london/master-farringdon	Medium
Rooms & Amenities	Are baby cots or high chairs available on request at master Farringdon London?	Yes, complimentary travel cots and high chairs can be provided when reserved in advance.	https://www.stay-master.com/london/master-farringdon	Medium
Rooms & Amenities	Are the apartments at master Farringdon London wheelchair accessible?	One ground-floor apartment is step-free and lift access serves all levels; advance confirmation recommended. [VERIFY]	https://www.stay-master.com/london/master-farringdon	Low
Rooms & Amenities	Does master Farringdon London provide weekly housekeeping for long-stay guests?	Yes, weekly housekeeping with full linen and towel change is included for stays exceeding seven nights.	https://www.stay-master.com/london/master-farringdon	Medium
Rooms & Amenities	Is there a safe for valuables inside each apartment at master Farringdon London?	Yes, a laptop-size electronic safe is fitted in every bedroom closet. [VERIFY]	https://www.stay-master.com/london/master-farringdon	Low
Food & Dining	Does master Farringdon London serve breakfast on site?	No, breakfast is not served; guests may self-cater or visit nearby cafés.	https://www.stay-master.com/london/master-farringdon	High
Food & Dining	Can groceries be pre-stocked in the apartment at master Farringdon London before arrival?	Yes, a paid grocery pre-stocking service is available with 48-hour notice. [VERIFY]	https://www.stay-master.com/london/master-farringdon	Medium
Food & Dining	Are there coffee and tea making facilities in every apartment at master Farringdon London?	Yes, each kitchen provides a Nespresso machine, pods, kettle and assorted teas.	https://www.stay-master.com/london/master-farringdon	High
Food & Dining	Does master Farringdon London offer room service or in-apartment dining?	No, there is no room service; food delivery apps are welcome.	https://www.stay-master.com/london/master-farringdon	Medium
Food & Dining	Is there an on-site bar or lounge at master Farringdon London?	No dedicated bar or lounge operates on the premises.	https://www.stay-master.com/london/master-farringdon	Low
Food & Dining	Does master Farringdon London recommend any nearby restaurants within walking distance?	A curated digital neighbourhood guide lists recommended Clerkenwell eateries within a ten-minute walk. [VERIFY]	https://www.stay-master.com/london/master-farringdon	Medium
Food & Dining	Are dietary-specific breakfast boxes available at master Farringdon London?	Information is currently not available. [VERIFY]	https://www.stay-master.com/london/master-farringdon	Low
Check-in & Check-out	What is the standard check-in time at master Farringdon London?	Check-in is available from 15:00 onwards.	https://www.stay-master.com/london/master-farringdon	High
Check-in & Check-out	What is the standard check-out time at master Farringdon London?	Check-out is required by 11:00.	https://www.stay-master.com/london/master-farringdon	High
Check-in & Check-out	Does master Farringdon London allow early check-in subject to availability?	Yes, early check-in may be granted from 13:00, subject to availability and a fee. [VERIFY]	https://www.stay-master.com/london/master-farringdon	High
Check-in & Check-out	Can guests request a late check-out at master Farringdon London?	Late check-out until 14:00 is possible for an additional fee, if available. [VERIFY]	https://www.stay-master.com/london/master-farringdon	High
Check-in & Check-out	Is self check-in available at master Farringdon London via a key safe or digital lock?	Yes, self check-in is enabled through secure smart-lock codes sent before arrival.	https://www.stay-master.com/london/master-farringdon	Medium
Check-in & Check-out	Does master Farringdon London offer luggage storage before check-in or after check-out?	Complimentary off-site luggage lockers three minutes away are offered to arriving or departing guests. [VERIFY]	https://www.stay-master.com/london/master-farringdon	Medium
Check-in & Check-out	What identification documents are required at check-in for master Farringdon London?	A valid government-issued photo ID and the booking credit card must be presented. [VERIFY]	https://www.stay-master.com/london/master-farringdon	Medium
Check-in & Check-out	Is there a surcharge for late-night check-in at master Farringdon London?	No surcharge applies because access is via self check-in at any hour. [VERIFY]	https://www.stay-master.com/london/master-farringdon	Low
Reservations & Policies	Which payment methods are accepted when booking master Farringdon London?	Online payments are accepted via Visa, MasterCard, American Express and bank transfer. [VERIFY]	https://www.stay-master.com/london/master-farringdon	High
Reservations & Policies	What is the standard cancellation policy for master Farringdon London reservations?	Cancellations are free up to five days before arrival; afterwards the first night is charged. [VERIFY]	https://www.stay-master.com/london/master-farringdon	High
Reservations & Policies	Does master Farringdon London require a damage deposit, and if so, how much?	A refundable security pre-authorisation of £300 is taken on the arrival card. [VERIFY]	https://www.stay-master.com/london/master-farringdon	High
Reservations & Policies	Is the minimum stay at master Farringdon London subject to seasonal variation?	Yes, a two-night minimum applies normally, increasing to three nights during peak dates. [VERIFY]	https://www.stay-master.com/london/master-farringdon	Medium
Reservations & Policies	Are pets allowed at master Farringdon London, and are fees applicable?	Pets are not permitted in any apartment, with no exceptions.	https://www.stay-master.com/london/master-farringdon	High
Reservations & Policies	What is the age requirement for the lead guest staying at master Farringdon London?	The lead guest must be at least 21 years old. [VERIFY]	https://www.stay-master.com/london/master-farringdon	High
Reservations & Policies	Can reservations at master Farringdon London be modified without penalty?	Modifications are free up to five days before arrival, subject to availability. [VERIFY]	https://www.stay-master.com/london/master-farringdon	Medium
Reservations & Policies	Does master Farringdon London offer corporate or long-stay rates?	Yes, preferential rates are available for corporate or 30-night-plus stays upon request. [VERIFY]	https://www.stay-master.com/london/master-farringdon	Medium
Reservations & Policies	Are group bookings accepted at master Farringdon London, and are special terms applied?	Group bookings of four or more apartments are accepted under bespoke terms and payment schedules. [VERIFY]	https://www.stay-master.com/london/master-farringdon	Medium
Reservations & Policies	Is smoking permitted anywhere within master Farringdon London?	No, smoking and vaping are strictly prohibited throughout the building and balconies.	https://www.stay-master.com/london/master-farringdon	High
Attractions & Experiences	How far is master Farringdon London from St Paul’s Cathedral?	The cathedral is roughly 0.7 miles away, around a 15-minute walk. [VERIFY]	https://www.stay-master.com/london/master-farringdon	High
Attractions & Experiences	Is the Barbican Centre within walking distance of master Farringdon London?	Yes, the Barbican Centre can be reached on foot in about ten minutes. [VERIFY]	https://www.stay-master.com/london/master-farringdon	High
Attractions & Experiences	What popular markets can be reached easily from master Farringdon London?	Smithfield, Exmouth Market and Leather Lane Street Market are all within a short stroll. [VERIFY]	https://www.stay-master.com/london/master-farringdon	Medium
Attractions & Experiences	How close is master Farringdon London to the West End theatre district?	Covent Garden and Soho theatres are around 1.2 miles away, 10-15 minutes by tube. [VERIFY]	https://www.stay-master.com/london/master-farringdon	Medium
Attractions & Experiences	Are guided city tours bookable through master Farringdon London?	Yes, the team can arrange third-party guided walking, cycling or coach tours on request. [VERIFY]	https://www.stay-master.com/london/master-farringdon	Low
Attractions & Experiences	What green spaces are near master Farringdon London for jogging or walking?	Nearby green areas include Spa Fields, Postman’s Park and Finsbury Circus Gardens. [VERIFY]	https://www.stay-master.com/london/master-farringdon	Medium
Attractions & Experiences	Does master Farringdon London provide recommendations for local pubs in Clerkenwell and Farringdon?	Yes, a digital welcome book lists favourite pubs such as The Eagle and The Jerusalem Tavern. [VERIFY]	https://www.stay-master.com/london/master-farringdon	Medium
Attractions & Experiences	Is the Museum of London within a 15-minute walk of master Farringdon London?	Yes, the Museum of London is around a 12-minute walk from the property. [VERIFY]	https://www.stay-master.com/london/master-farringdon	Medium