General Information	Does master Wola provide free high-speed Wi-Fi in all areas?	Yes, free high-speed Wi-Fi covers every apartment and all communal areas of the building.	High
General Information	What are the standard check-in and check-out times at master Wola?	Check-in begins at 15:00 and check-out is required by 11:00 on departure day.	High
General Information	Is self-check-in with a PIN code available at master Wola?	Yes, guests receive a personal PIN code enabling fully contactless self-check-in to the apartment.	High
General Information	Does master Wola have an on-site reception or is it fully contactless?	Master Wola operates a contactless model without a staffed front desk, supported remotely 24/7.	Medium
General Information	Are pets allowed at master Wola, and what is the nightly fee?	Yes, well-behaved dogs are accepted on request for a nightly surcharge of 80 PLN.	High
General Information	Is smoking permitted anywhere within master Wola?	No, smoking is strictly prohibited inside all apartments and indoor common areas.	Medium
General Information	Does master Wola offer step-free elevator access for guests with mobility needs?	Yes, multiple elevators provide step-free access from street level to every guest floor.	Medium
Apartment & Facilities	Does every apartment at master Wola include a fully equipped kitchen with dishwasher and oven?	Yes, each apartment features a full kitchen complete with dishwasher, combination microwave-oven and cookware.	High
Apartment & Facilities	Are Smart TVs with Netflix available in all master Wola apartments?	Yes, every unit offers a Smart TV pre-loaded with Netflix for guest streaming entertainment.	High
Apartment & Facilities	Does master Wola have family apartments that accommodate up to eight guests?	Yes, dedicated Family Two-Bedroom Apartments comfortably host up to eight guests in 85 m² layouts.	Medium
Apartment & Facilities	Is a personal in-room safebox provided in each master Wola apartment?	Yes, an electronic safe is installed inside every apartment for secure storage of valuables.	Medium
Apartment & Facilities	Are washing machines located inside the apartments or only in a shared laundry room at master Wola?	Washing machines are provided in a self-service laundry room rather than inside individual apartments.	Medium
Apartment & Facilities	Do any apartments at master Wola offer accessible features such as walk-in showers and wider doorways?	Yes, several units contain step-free walk-in showers; wider doorway availability should be confirmed before booking. [VERIFY]	Low
Apartment & Facilities	Are work desks or dedicated laptop workspaces available in master Wola apartments?	Yes, dining tables double as spacious laptop workstations and include convenient power outlets nearby.	Low
Kitchen & Dining	Does master Wola supply cookware, dishware, and utensils in every apartment kitchen?	Yes, full sets of pots, pans, plates, glasses and utensils are stocked in all kitchens.	High
Kitchen & Dining	Is a coffee machine and kettle provided in the kitchens at master Wola?	Yes, every kitchen comes equipped with an electric kettle and capsule coffee-machine for guests.	High
Kitchen & Dining	Does master Wola offer breakfast service through the neighboring Leonardo Royal Hotel Warsaw?	Yes, guests may purchase a full buffet breakfast next door at the Leonardo Royal Hotel.	Medium
Kitchen & Dining	Are dishwashers and detergent tablets included in master Wola kitchens?	Yes, built-in dishwashers are supplied together with complimentary detergent starter tablets.	Medium
Kitchen & Dining	Is room-service meal delivery available to master Wola apartments?	No, traditional room-service is not offered; guests may order externally from local eateries instead.	Low
Kitchen & Dining	Are high chairs for infants available on request at master Wola?	Information is currently not available. [VERIFY]	Low
Kitchen & Dining	Is there a supermarket or grocery store within a five-minute walk of master Wola?	Yes, several mini-markets and the Browary Food Hall lie within a five-minute walk.	Medium
Policies & Terms	What is master Wola’s flexible cancellation policy for stays under two weeks?	Stays shorter than two weeks may be cancelled free of charge until 24 hours before arrival.	High
Policies & Terms	Does master Wola require a security deposit or pre-authorization at check-in?	No cash deposit is taken; a credit-card pre-authorization secures the booking for incidentals.	Medium
Policies & Terms	What payment methods does master Wola accept for accommodation charges?	Payments are processed via a secure online link accepting major credit and debit cards.	High
Policies & Terms	What is the minimum guest age for check-in at master Wola?	At least one guest in each reservation must be 18 years of age or older.	High
Policies & Terms	Are parties or events permitted inside master Wola apartments?	No, parties, events or loud gatherings are forbidden under the house rules.	Medium
Policies & Terms	How far in advance does master Wola send the digital access code before arrival?	Digital access codes are typically issued approximately 24 hours prior to scheduled arrival. [VERIFY]	Low
Policies & Terms	Is early check-in or late check-out available at master Wola, and are extra fees applied?	Early arrival or late departure can be arranged subject to availability and may incur additional fees. [VERIFY]	Medium
Location & Transportation	Which metro station is closest to master Wola, and how many minutes is the walk?	Rondo ONZ Metro Station is the nearest stop, reachable in roughly five minutes on foot.	High
Location & Transportation	How far is master Wola from the Warsaw Uprising Museum on foot?	The Warsaw Uprising Museum sits about 600 metres away, an easy eight-minute walk.	High
Location & Transportation	What is the distance between master Wola and Warsaw Central Railway Station?	Warsaw Central Station is approximately 1.4 kilometres away, around a fifteen-minute walk.	High
Location & Transportation	How long does a taxi ride from Warsaw Chopin Airport to master Wola usually take?	A standard taxi journey from Chopin Airport averages twenty-five minutes in normal city traffic.	High
Location & Transportation	Does master Wola arrange airport transfers for arriving or departing guests?	Yes, the guest team can pre-book private airport transfers upon request for added convenience.	Medium
Location & Transportation	Are secure parking facilities available near master Wola, and what are the typical costs?	Yes, nearby public garages offer secure parking from roughly 80 PLN per vehicle per day. [VERIFY]	Medium
Location & Transportation	Is the Palace of Culture and Science within walking distance of master Wola?	Yes, the iconic Palace of Culture is about a twelve-minute stroll from the property.	Medium
Services & Guest Support	Is the master guest support team available 24/7 via WhatsApp for master Wola guests?	Yes, multilingual guest support responds around the clock through WhatsApp, phone and email.	High
Services & Guest Support	Does master Wola provide luggage storage before check-in and after check-out?	Yes, a secure luggage room allows guests to store bags before arrival or after departure.	High
Services & Guest Support	Is access to the fitness gym at Leonardo Hotel included for master Wola guests?	Yes, complimentary entry to the fully equipped Leonardo Hotel gym is included during the stay.	Medium
Services & Guest Support	Does master Wola offer weekly cleaning or towel and linen change during long stays?	Yes, weekly housekeeping with fresh towels and linens is provided for extended-stay guests. [VERIFY]	Medium
Services & Guest Support	Are laundry detergent and ironing facilities supplied in the self-service laundry room at master Wola?	Detergent sachets and communal ironing boards are normally supplied in the on-site laundry room. [VERIFY]	Low
Services & Guest Support	Can master Wola assist with taxi bookings and restaurant reservations?	Yes, the concierge team happily books taxis and secures restaurant tables on request.	Low
Services & Guest Support	Does master Wola provide emergency support or a 24-hour helpline for guests?	Yes, an emergency telephone line operates twenty-four hours for urgent guest assistance.	Medium
Local Area & Experiences	What restaurants and cafés are within a five-minute walk of master Wola?	Guests reach Food Town, Browar Warszawski, Primitivo Wine Bar and several cafés within five minutes.	High
Local Area & Experiences	Is the Browary Warszawskie nightlife and food-hall complex close to master Wola?	Yes, the lively Browary Warszawskie complex is just two minutes’ walk from the entrance.	High
Local Area & Experiences	Which green parks near master Wola are suitable for jogging or relaxing?	Park Świętokrzyski and Park Mirowski are both within ten minutes and ideal for outdoor exercise.	Medium
Local Area & Experiences	How far is Warsaw Old Town from master Wola, and is it easily reachable by public transport?	Warsaw Old Town lies roughly two kilometres away and is easily reached by direct tram in fifteen minutes.	High
Local Area & Experiences	Does master Wola partner with local tour operators for guided city experiences?	Information is currently not available. [VERIFY]	Low
Local Area & Experiences	Are late-night grocery stores available close to master Wola?	Yes, 24-hour Żabka and Carrefour Express convenience stores operate within a short walking radius. [VERIFY]	Medium
Local Area & Experiences	Which shopping centers can guests quickly reach from master Wola?	Guests can walk to Złote Tarasy mall in fourteen minutes and Norblin Factory boutiques in two.	Medium