Category	Question	Answer	Frequency Level
General Information	Does NYX Hotel Hamburg provide complimentary Wi-Fi in all guestrooms and public areas?	Yes, high-speed Wi-Fi is complimentary in every guestroom as well as all public areas.	High
General Information	Does NYX Hotel Hamburg operate a 24-hour reception desk?	Yes, the reception is staffed around the clock so guests can check in or obtain assistance at any hour.	High
General Information	What are the official check-in and check-out times at NYX Hotel Hamburg?	Check-in officially begins at 15:00, while check-out is requested by 12:00 noon on the departure day.	High
General Information	Does NYX Hotel Hamburg offer on-site private parking for guests, and is a reservation required?	Yes, a limited number of on-site parking spaces are available for a daily fee; advance reservation is not possible.	Medium
General Information	Is the staff at NYX Hotel Hamburg multilingual to assist international travellers?	Yes, team members speak German and English, with additional languages available among the front-desk staff.	Medium
General Information	Does NYX Hotel Hamburg feature fully equipped meeting and conference facilities?	Yes, several modern meeting rooms with audiovisual equipment and catering options can be booked for events and conferences.	Medium
General Information	Are accessible rooms and public facilities available at NYX Hotel Hamburg for guests with reduced mobility?	Yes, specially adapted guestrooms, lifts and barrier-free public areas ensure comfortable access for guests with reduced mobility.	High
General Information	How many guestrooms and suites does NYX Hotel Hamburg have in total?	The property offers 236 contemporarily designed guestrooms and suites in total.	Low
General Information	Does NYX Hotel Hamburg provide family-friendly amenities such as connecting rooms or baby cots on request?	Yes, baby cots are available on request and a limited number of connecting rooms can be pre-arranged for families.	Medium
Accommodation & Room Services	Are all guestrooms at NYX Hotel Hamburg fully air-conditioned and individually climate-controlled?	Yes, every guestroom is equipped with individually adjustable air-conditioning and heating controls.	High
Accommodation & Room Services	Does NYX Hotel Hamburg supply an in-room minibar or small fridge in every room category?	Yes, each room contains a stocked minibar that can be used for personal refreshments.	Medium
Accommodation & Room Services	Do rooms at NYX Hotel Hamburg include tea- and coffee-making facilities?	Yes, complimentary tea- and coffee-making facilities, including an espresso machine, are provided in all rooms.	Medium
Accommodation & Room Services	Is an iron and ironing board available in-room or upon request at NYX Hotel Hamburg?	Yes, irons and ironing boards are available free of charge upon request from housekeeping.	Medium
Accommodation & Room Services	Are hairdryers and complimentary toiletries provided in every bathroom at NYX Hotel Hamburg?	Yes, all bathrooms come with a wall-mounted hairdryer and a full set of complimentary toiletries.	High
Accommodation & Room Services	Does NYX Hotel Hamburg offer hypo-allergenic bedding or extra pillows on request?	Yes, hypo-allergenic bedding and additional pillows can be supplied on request before or during the stay.	Medium
Accommodation & Room Services	Is 24-hour room service available for guests staying at NYX Hotel Hamburg?	No, room service is provided but only during restaurant and bar operating hours, not 24 hours.	Low
Accommodation & Room Services	Do guestrooms at NYX Hotel Hamburg feature in-room safes for valuables?	Yes, each room has an electronic laptop-sized safe for secure storage of valuables.	Medium
Accommodation & Room Services	Are USB charging sockets or international power outlets available in the rooms at NYX Hotel Hamburg?	Information is currently not available. [VERIFY]	Low
Accommodation & Room Services	Does NYX Hotel Hamburg provide daily housekeeping and evening turndown service?	Yes, daily housekeeping is performed; evening turndown service is not provided unless specially requested.	Low
Food & Beverage	Does NYX Hotel Hamburg serve a daily buffet breakfast, and what are the breakfast service hours?	Yes, a hot and cold buffet breakfast is served daily from 06:30 to 10:30 on weekdays and 07:00 to 11:00 on weekends.	High
Food & Beverage	Is the on-site Clash Restaurant at NYX Hotel Hamburg open for lunch and dinner?	Yes, CLASH Restaurant opens for lunch and continues through dinner, offering à-la-carte dishes until late evening.	High
Food & Beverage	Does NYX Hotel Hamburg accommodate vegetarian, vegan and gluten-free dietary requirements?	Yes, the kitchen can prepare vegetarian, vegan and gluten-free options when these needs are communicated in advance or on arrival.	High
Food & Beverage	Is there a dedicated bar at NYX Hotel Hamburg, and is it open to non-residents?	Yes, the CLASH Bar welcomes both hotel residents and external guests for cocktails and drinks.	Medium
Food & Beverage	Does NYX Hotel Hamburg provide late-night snacks or a limited menu outside regular restaurant hours?	Yes, a reduced late-night menu of snacks and beverages is available via the bar and room-service channel after kitchen closing time.	Medium
Food & Beverage	Are children welcome in the bar and restaurant areas of NYX Hotel Hamburg?	Yes, children are welcome to dine with adults; age restrictions only apply after 22:00 in the bar area.	Low
Food & Beverage	Does NYX Hotel Hamburg offer room service for food and beverages?	Yes, room service can be ordered during the restaurant’s stated service hours.	Medium
Food & Beverage	Can guests at NYX Hotel Hamburg request a packed breakfast or takeaway coffee for early departures?	Yes, an early-bird packed breakfast or takeaway coffee can be pre-ordered at reception the evening before departure.	Low
Policies & Terms	What is the cancellation and pre-payment policy for direct bookings at NYX Hotel Hamburg?	Cancellation and pre-payment conditions depend on the chosen rate; flexible rates allow free cancellation until 18:00 on the day of arrival, while non-refundable rates are charged at booking.	High
Policies & Terms	What is the minimum age requirement for check-in at NYX Hotel Hamburg?	Yes, the minimum age to register and check in is 18 years.	Medium
Policies & Terms	Are pets allowed at NYX Hotel Hamburg, and are additional fees applicable?	Yes, dogs up to medium size are welcome for an additional nightly cleaning fee of approximately €15.	High
Policies & Terms	Is NYX Hotel Hamburg a completely non-smoking property?	Yes, all guestrooms and indoor public areas are strictly non-smoking; designated outdoor smoking zones are provided.	High
Policies & Terms	Does NYX Hotel Hamburg offer express check-in and express check-out services?	Yes, express check-in and check-out can be arranged at reception to reduce waiting time.	Medium
Policies & Terms	Can luggage be stored at NYX Hotel Hamburg before check-in or after check-out?	Yes, complimentary luggage storage is available at the reception for early arrivals or late departures.	High
Policies & Terms	Does NYX Hotel Hamburg charge a security deposit or pre-authorisation at check-in?	Yes, a credit-card pre-authorisation for incidentals is taken upon arrival.	Medium
Policies & Terms	Are there special terms or conditions for group bookings at NYX Hotel Hamburg?	Yes, bookings of ten rooms or more are treated as group reservations and are subject to separate contract terms and payment schedules.	Medium
Policies & Terms	Does NYX Hotel Hamburg allow early check-in or late check-out, and are fees involved?	Yes, early check-in or late check-out can be granted when available, typically for an additional fee.	High
Location & Transportation	How far is NYX Hotel Hamburg from Hamburg Central Station, and is it within walking distance?	The hotel is roughly 1.5 kilometres from Hamburg Central Station, making it an easy 15- to 20-minute walk.	High
Location & Transportation	Which S-Bahn or U-Bahn station is closest to NYX Hotel Hamburg?	The nearest rail stop is Hammerbrook (City-Süd) S-Bahn station, located about a 5-minute walk away.	High
Location & Transportation	What is the average travel time from NYX Hotel Hamburg to Hamburg Airport (HAM) by public transport?	Public transport via S-Bahn and U-Bahn takes approximately 30 to 35 minutes door to door.	Medium
Location & Transportation	Does NYX Hotel Hamburg provide an airport shuttle service or can the concierge arrange transfers?	No scheduled shuttle is provided, but the reception can readily arrange private transfers or a taxi upon request.	Medium
Location & Transportation	Are taxi and car-hire services easily arranged through NYX Hotel Hamburg’s front desk?	Yes, reception staff will quickly order taxis or help arrange car-hire through trusted local providers.	Medium
Location & Transportation	Is bicycle rental available directly at NYX Hotel Hamburg or nearby?	Yes, a limited number of bicycles can be rented directly at the hotel reception on a daily basis.	Low
Location & Transportation	Does NYX Hotel Hamburg have electric-vehicle charging stations in its car park?	Information is currently not available. [VERIFY]	Low
Activities & Entertainment	Does NYX Hotel Hamburg feature a fully equipped fitness centre for guests?	Yes, an on-site fitness room with cardio and strength equipment is accessible free of charge to all guests.	High
Activities & Entertainment	Is there a dedicated gaming zone with billiards or arcade games at NYX Hotel Hamburg?	Yes, the lobby level features a chill-out area with billiards and retro arcade games for guest use.	Medium
Activities & Entertainment	Does NYX Hotel Hamburg host live music, DJ sets, or other evening entertainment?	Yes, periodic DJ sets and live music evenings are scheduled, especially on weekends and special event nights.	Medium
Activities & Entertainment	Can the concierge at NYX Hotel Hamburg arrange guided city tours or attraction tickets?	Yes, the reception can book guided tours, harbour cruises and fast-track attraction tickets on behalf of guests.	Medium
Activities & Entertainment	Does NYX Hotel Hamburg have a rooftop terrace or outdoor lounge area for guests?	No, the building does not include a rooftop terrace; outdoor seating is limited to the ground-floor patio.	Low
Activities & Entertainment	Are art installations by local Hamburg artists showcased within NYX Hotel Hamburg?	Yes, the interior design incorporates street-art pieces and installations created by locally based Hamburg artists.	Medium
Activities & Entertainment	Are there wellness facilities such as a sauna or relaxation area at NYX Hotel Hamburg?	No, the property does not feature a sauna or dedicated wellness area beyond the fitness room.	Low